{
  "model": "ExtraTreesRegressor",
  "params": {
    "bootstrap": false,
    "criterion": "squared_error",
    "max_depth": null,
    "max_features": "sqrt",
    "min_samples_leaf": 1,
    "min_samples_split": 2,
    "n_estimators": 600
  },
  "cv_metrics": {
    "cmae": 1.2020543558577654,
    "crmse": 6.51345434200819,
    "max_error": 115.26097859843324
  },
  "val_metrics": {
    "cmae": 0.6759130027139866,
    "crmse": 1.919288868011076
  },
  "test_metrics": {
    "cmae": 0.7566992722199707,
    "crmse": 2.1247137623612655
  },
  "selection_note": "Selected based on cv_cmae_deg_mean"
}