{
  "model": "ExtraTreesRegressor",
  "params": {
    "max_depth": 20,
    "n_estimators": 500
  },
  "cv_metrics": {
    "cmae": 1.3453595523033943,
    "crmse": 7.606783067058447,
    "max_error": 130.42828963460957
  },
  "val_metrics": {
    "cmae": 0.8360021960853892,
    "crmse": 3.986129292610073
  },
  "test_metrics": {
    "cmae": 1.6059386637525799,
    "crmse": 9.548347978687517
  },
  "selection_note": "Selected based on cv_cmae_deg_mean with cv_max_error_deg_mean as tie-breaker"
}